archetype_key,archetype_label_ja,catalog_rg_low_in,catalog_total_diff_in,catalog_intermediate_diff_in,drill_angle_deg,pin_pap_in,val_angle_deg,pap_rg_in,rg_low_in,rg_mid_in,rg_high_in,total_diff_in,int_diff_in,performance_diff_in,effective_flare_diff_in,flare_utilization_pct,removed_mass_oz
symmetric_low,対称・低RG差,2.52,0.03,0,10,1,20,2.5100345721584585,2.508651922854491,2.543744502575962,2.5512525619999304,0.042600639145439434,0.007508059423968483,0.043257200694379064,0.014153160845001308,32.718623992792025,2.3732881761581917
symmetric_low,対称・低RG差,2.52,0.03,0,10,1,40,2.5100349860898143,2.5093312286000677,2.543832848548336,2.550496274108581,0.0411650455085133,0.006663425560244907,0.041700865841309526,0.009918714048062754,23.7853911374596,2.3733012122363704
symmetric_low,対称・低RG差,2.52,0.03,0,10,1,70,2.5100350333684704,2.5099643372933924,2.5438676518947227,2.5498385195229063,0.03987418222951389,0.0059708676281835515,0.04031875083265565,0.0031215246121476885,7.742116379308681,2.3732815070181195
symmetric_low,対称・低RG差,2.52,0.03,0,10,2,20,2.51456648540274,2.510418953778763,2.542783878169895,2.550471874124487,0.04005292034572383,0.0076879959545919085,0.04078408648012996,0.022190406145263977,54.40947207699543,2.3733016046139292
symmetric_low,対称・低RG差,2.52,0.03,0,10,2,40,2.5145659035814933,2.5119306234794436,2.5431428686671156,2.5486249143806514,0.03669429090120779,0.0054820457135358325,0.03710153379508397,0.017484962676082298,47.12733110348955,2.37330299189413
symmetric_low,対称・低RG差,2.52,0.03,0,10,2,70,2.5145658313271317,2.5134046478226155,2.5438845236323586,2.5464305535085523,0.033025905685936774,0.0025460298761936784,0.033123899445971966,0.012071229364835978,36.44265791992646,2.373302259506837
symmetric_low,対称・低RG差,2.52,0.03,0,10,3,20,2.5210257436453016,2.5124866045834064,2.540941028295303,2.5502724513650716,0.03778584678166519,0.00933142306976853,0.03892101840284354,0.027441859943957623,70.50653109825292,2.373301825903375
symmetric_low,対称・低RG差,2.52,0.03,0,10,3,40,2.521025435377346,2.5149098724925327,2.541179308140009,2.5476452641039606,0.03273539161142791,0.006465955963951497,0.0333678655367901,0.022656140908670734,67.89808261391775,2.373289017275712
symmetric_low,対称・低RG差,2.52,0.03,0,10,3,70,2.521025385013253,2.517431824754671,2.54232045468178,2.5440133623805203,0.02658153762584936,0.0016929076987404201,0.02663539147508254,0.01749732147070461,65.69200038630328,2.373288337281674
symmetric_low,対称・低RG差,2.52,0.03,0,10,3.5,20,2.5245531988828978,2.5135233548832008,2.539839603213871,2.5503481125116516,0.03682475762845083,0.010508509297780577,0.038294797845865286,0.0280817407710015,73.3304322013375,2.3732769729300203
symmetric_low,対称・低RG差,2.52,0.03,0,10,3.5,40,2.524553263329103,2.5163840046969943,2.5398387197127352,2.547526439391999,0.031142434695004884,0.00768771967926396,0.03207728592944837,0.02327465689602389,72.55806163655737,2.373300328754944
symmetric_low,対称・低RG差,2.52,0.03,0,10,3.5,70,2.524553715657273,2.5194915625822483,2.540283450106548,2.544009119143175,0.02451755656092658,0.003725669036626744,0.024799015897585798,0.018064386768082804,72.84315975555057,2.3733002275480937
symmetric_low,対称・低RG差,2.52,0.03,0,10,4,20,2.528030430565854,2.514476205746051,2.538729452012199,2.5505140708403458,0.03603786509429474,0.011784618828146964,0.03791576138598964,0.027252094668343833,71.87537233107979,2.373288780182217
symmetric_low,対称・低RG差,2.52,0.03,0,10,4,40,2.528029363074969,2.5177189256366663,2.5384782828175854,2.5475634120069195,0.029844486370253165,0.009085129189334129,0.031196681539726594,0.02244520069970755,71.94739822286964,2.373305059845783
symmetric_low,対称・低RG差,2.52,0.03,0,10,4,70,2.5280299048126675,2.5214059485306644,2.538361841041341,2.5440304880900957,0.022624539559431334,0.005668647048754583,0.023323879386577772,0.017162871823256595,73.5849793200926,2.3733036757200683
symmetric_low,対称・低RG差,2.52,0.03,0,10,5,20,2.534091318250321,2.5158453700628463,2.536879770832192,2.5510042974261475,0.035158927363301284,0.014124526593955355,0.03789000428663539,0.02143512539846541,56.571979343971826,2.3732818623429464
symmetric_low,対称・低RG差,2.52,0.03,0,10,5,40,2.534090558223616,2.5193989683813895,2.5364311809507085,2.547941541543868,0.028542573162478657,0.011510360593159685,0.03077607648352873,0.0165775653440831,53.86510315229873,2.3732978915505623
symmetric_low,対称・低RG差,2.52,0.03,0,10,5,70,2.5340907790697296,2.523616194092928,2.5360847572230236,2.5441099542530363,0.020493760160108287,0.008025197030012698,0.022009043433792532,0.010566445192060863,48.00956126897009,2.3732971025324074
symmetric_low,対称・低RG差,2.52,0.03,0,10,6,20,2.5379298990212122,2.5160198788892743,2.5360734131507314,2.5516338562821126,0.035613977392838336,0.015560443131381163,0.0388649299006514,0.013557201981584043,34.882867449496715,2.373303577097378
symmetric_low,対称・低RG差,2.52,0.03,0,10,6,40,2.5379302960001966,2.5188928002909985,2.5362297904969715,2.548642191267652,0.029749390976653523,0.01241240077068051,0.03223498032221803,0.009662437167144286,29.97500563226474,2.373307954667973
symmetric_low,対称・低RG差,2.52,0.03,0,10,6,70,2.5379289291393485,2.5218735360181572,2.537645847577152,2.5442813823548116,0.02240784633665438,0.006635534777659657,0.023369679057116854,0.0038779537659187524,16.593953885463332,2.373297306489868
symmetric_low,対称・低RG差,2.52,0.03,0,50,1,20,2.510034849194762,2.508652040067413,2.54374509056181,2.551251814071242,0.04259977400382908,0.007506723509432156,0.04325611682784729,0.014153857153968042,32.72105355711476,2.3733018266998798
symmetric_low,対称・低RG差,2.52,0.03,0,50,1,40,2.510034101278173,2.5093307652480825,2.5438356404306237,2.5504940412422235,0.041163275994140935,0.006658400811599741,0.04169831641610644,0.00991582445366166,23.779915607891454,2.373296270945747
symmetric_low,対称・低RG差,2.52,0.03,0,50,1,70,2.5100349178062547,2.5099642320315536,2.543867771603044,2.5498384705361157,0.039874238504562065,0.005970698933071894,0.04031878150524996,0.003121310389388322,7.741579166974311,2.3733031062413463
symmetric_low,対称・低RG差,2.52,0.03,0,50,2,20,2.514566509312031,2.51041872962348,2.542780816161432,2.550475122417561,0.04005639279408113,0.007694306256129213,0.04078868657405904,0.022190779337644885,54.40425078986944,2.373302000638038
symmetric_low,対称・低RG差,2.52,0.03,0,50,2,40,2.514565860624472,2.5119305606705815,2.5431399609684484,2.5486278773653135,0.036697316694731974,0.005487916396865078,0.03710539420316721,0.017484510272986024,47.12120878503858,2.3732944844583757
symmetric_low,対称・低RG差,2.52,0.03,0,50,2,70,2.514566253747979,2.5134051073781056,2.5438839109570237,2.5464307499554146,0.033025642577309,0.002546838998390921,0.03312369931828101,0.012070909511552522,36.44191246745973,2.373290386492043
symmetric_low,対称・低RG差,2.52,0.03,0,50,3,20,2.521025819810482,2.5124870536723702,2.54094284348404,2.5502702718069106,0.03778321813454033,0.009327428322870368,0.03891750880671246,0.027441700289881698,70.51247916759918,2.373292356389009
symmetric_low,対称・低RG差,2.52,0.03,0,50,3,40,2.5210253204782,2.514909835152171,2.541178749520017,2.5476457889049,0.032735953752728975,0.006467039384882689,0.03336862697964113,0.02265583497662952,67.89561641374186,2.373304053102236
symmetric_low,対称・低RG差,2.52,0.03,0,50,3,70,2.5210261135391443,2.517432975840192,2.542320435061841,2.544012138697261,0.026579162857069072,0.0016917036354202608,0.026632944999993788,0.017495918104091304,65.69276549812793,2.3733088555832538
symmetric_low,対称・低RG差,2.52,0.03,0,50,3.5,20,2.524554063205117,2.513522105490399,2.5398389166263082,2.5503499803250866,0.036827874834687524,0.010511063698778411,0.038298496379351336,0.028084121367955427,73.32956649205947,2.3732818183789566
symmetric_low,対称・低RG差,2.52,0.03,0,50,3.5,40,2.524553468281853,2.51638410629717,2.5398394126276256,2.5475256412084066,0.0311415349112365,0.0076862285807810515,0.03207605503212291,0.02327514236151684,72.56235948656311,2.373290903280738
symmetric_low,対称・低RG差,2.52,0.03,0,50,3.5,70,2.524553911274245,2.51949162354533,2.5402832110618427,2.5440092956737885,0.024517672128458567,0.00372608461194579,0.024799192590364175,0.018064509425728202,72.84313535573428,2.3732877847861618
symmetric_low,対称・低RG差,2.52,0.03,0,50,4,20,2.528030015563841,2.5144776844623404,2.5387306048096527,2.5505115206344224,0.036033836172082,0.0117809158247697,0.03791078114398007,0.027250842669126214,71.88151192567402,2.373289313357561
symmetric_low,対称・低RG差,2.52,0.03,0,50,4,40,2.5280297071510955,2.5177183242837917,2.5384775870850347,2.5475646629123574,0.029846338628565672,0.00908707582732271,0.031199020443317193,0.022445425192335552,71.9427240772341,2.373304482591393
symmetric_low,対称・低RG差,2.52,0.03,0,50,4,70,2.52802967443368,2.521406371704016,2.5383623646742484,2.5440295708501512,0.02262319914613542,0.0056672061759028836,0.023322228998230297,0.017161986118725655,73.58638884828682,2.3732897303467726
symmetric_low,対称・低RG差,2.52,0.03,0,50,5,20,2.5340907382703426,2.515847923257038,2.536880041061466,2.5510015573795353,0.03515363412249739,0.01412151631806946,0.03788397042470489,0.021433310700203347,56.576199537486325,2.373301504263864
symmetric_low,対称・低RG差,2.52,0.03,0,50,5,40,2.534090615328713,2.5193963754530273,2.536430666735587,2.5479445386880197,0.02854816323499243,0.011513871952432808,0.030782574152087936,0.016576856144527776,53.8514292619787,2.3732984213756447
symmetric_low,対称・低RG差,2.52,0.03,0,50,5,70,2.534090918532264,2.523616322908925,2.536084738167631,2.5441098292731885,0.020493506364263503,0.008025091105557713,0.022008768487914318,0.01056634133356293,48.00968913533363,2.373302213441486
symmetric_low,対称・低RG差,2.52,0.03,0,50,6,20,2.5379300353895067,2.5160218648550594,2.536073475019919,2.5516318668848776,0.03561000202981823,0.015558391864958665,0.03886046579735336,0.013557024959975694,34.88641909407841,2.373304807868972
symmetric_low,対称・低RG差,2.52,0.03,0,50,6,40,2.5379300219226977,2.518896084414917,2.5362298587750787,2.5486390048890777,0.029742920474160606,0.012409146113999014,0.0322277555161823,0.009660374525288892,29.975325214435717,2.373300205268471
symmetric_low,対称・低RG差,2.52,0.03,0,50,6,70,2.5379292592131306,2.5218743748851353,2.537645919786297,2.5442804443577773,0.02240606947264201,0.0066345245714805046,0.023367688492926267,0.003879522311233478,16.60207988654019,2.3732879277914325
symmetric_low,対称・低RG差,2.52,0.03,0,90,1,20,2.510034296569891,2.5086519308009496,2.5437479326376318,2.5512491810137323,0.04259725021278271,0.0075012483761005555,0.04325268145318124,0.014151400295000213,32.71797220322251,2.3732793679106425
symmetric_low,対称・低RG差,2.52,0.03,0,90,1,40,2.5100351911377667,2.5093312837163344,2.5438297489023385,2.550499243752833,0.041167960036498474,0.006669494850494395,0.04170471310448624,0.009919784716521307,23.78576419329023,2.373305447744297
symmetric_low,対称・低RG差,2.52,0.03,0,90,1,70,2.510034750307942,2.5099640685205795,2.5438695695083395,2.5498369331329194,0.03987286461233985,0.005967363624579836,0.04031692896317802,0.003121335616789829,7.741997461266423,2.373291233334406
symmetric_low,対称・低RG差,2.52,0.03,0,90,2,20,2.5145666604147907,2.5104188146541704,2.5427824003157427,2.5504734909959734,0.04005467634180304,0.007691090680230772,0.04078639445572665,0.022191072647442453,54.40802734237936,2.3732986149056883
symmetric_low,対称・低RG差,2.52,0.03,0,90,2,40,2.5145672086882254,2.511930927982946,2.543138243107331,2.548629124917737,0.03669819693479104,0.005490881810406023,0.037106703455313216,0.01748700854191132,47.12627884870058,2.373303094561711
symmetric_low,対称・低RG差,2.52,0.03,0,90,2,70,2.514565745516249,2.513404490254759,2.543885174948733,2.5464301133921663,0.03302562313740731,0.0025449384434335087,0.033123533858797724,0.012071602620473522,36.44418699989422,2.373278972475652
symmetric_low,対称・低RG差,2.52,0.03,0,90,3,20,2.521025720352516,2.512486576945661,2.5409412997699405,2.5502722008719663,0.037785623926305245,0.009330901102025724,0.0389206769067029,0.02744194970018087,70.50738034685833,2.373306449798762
symmetric_low,対称・低RG差,2.52,0.03,0,90,3,40,2.5210257373837646,2.5149096106656077,2.541177259550121,2.547647499149177,0.0327378884835694,0.006470239599055905,0.03337114536290022,0.022656306043453676,67.89190420968116,2.37328300932051
symmetric_low,対称・低RG差,2.52,0.03,0,90,3,70,2.521025984500834,2.5174328249151743,2.542320495686648,2.544012237430972,0.026579412515797873,0.0016917417443242933,0.02663319657522247,0.017496044516290988,65.69261961055022,2.373304827844692
symmetric_low,対称・低RG差,2.52,0.03,0,90,3.5,20,2.524553773406886,2.513522134368794,2.5398383520851833,2.5503505032676506,0.036828368898856656,0.010512151182467289,0.038299269943868654,0.028083531356691394,73.32654486064766,2.373300232709834
symmetric_low,対称・低RG差,2.52,0.03,0,90,3.5,40,2.5245536445360903,2.5163844500181325,2.539840657839011,2.5475241404443176,0.03113969042618514,0.007683482605306491,0.032073606357637646,0.023275564198548197,72.56921450931762,2.373287834759137
symmetric_low,対称・低RG差,2.52,0.03,0,90,3.5,70,2.5245537101451174,2.5194915263456146,2.54028339816803,2.544009213405557,0.024517687059942617,0.0037258152375270193,0.024799166880229387,0.018064434422665678,72.84290843281178,2.373296313359817
symmetric_low,対称・低RG差,2.52,0.03,0,90,4,20,2.5280289275510426,2.5144803883544142,2.538732038350387,2.550507476682321,0.036027088327906576,0.011775438331933952,0.03790266535873119,0.02724777841463898,71.8888187855692,2.373296277855533
symmetric_low,対称・低RG差,2.52,0.03,0,90,4,40,2.528029506916287,2.517719450183462,2.5384791697251625,2.547562056163979,0.0298426059805168,0.009082886438816384,0.03119422955882725,0.02244562790448329,71.95442305172013,2.3732919827452617
symmetric_low,対称・低RG差,2.52,0.03,0,90,4,70,2.528030024223225,2.5214064348714555,2.53836209449941,2.544029767941507,0.022623333070051377,0.005667673442097065,0.023322472455653852,0.017162203771449412,73.58655393025853,2.3732852239462376
symmetric_low,対称・低RG差,2.52,0.03,0,90,5,20,2.5340906768551923,2.5158494055246625,2.5368804804039446,2.55099970675435,0.03515030122968765,0.014119226350405523,0.03788002414560697,0.02143296662601235,56.58118522740694,2.3732892958072833
symmetric_low,対称・低RG差,2.52,0.03,0,90,5,40,2.534090245178569,2.5193984507282705,2.5364310025033228,2.5479422190809387,0.028543768352668142,0.01151121657761589,0.030777505078670008,0.016576690772040065,53.85976130836008,2.3732863701977855
symmetric_low,対称・低RG差,2.52,0.03,0,90,5,70,2.5340905279878756,2.523614583919232,2.5360847908913415,2.5441115564333665,0.020496972514134626,0.008026765542024972,0.022012606554241365,0.010568015728335113,48.008924805403744,2.37328357995544
symmetric_low,対称・低RG差,2.52,0.03,0,90,6,20,2.5379294267872674,2.5160237418324414,2.5360734622220913,2.551630075373989,0.03560633354154774,0.015556613151897825,0.03885639202280299,0.013554620298141216,34.88388806193495,2.3732994364640936
symmetric_low,対称・低RG差,2.52,0.03,0,90,6,40,2.5379292051770745,2.5188963378194766,2.536230066934409,2.548638529658718,0.02974219183924154,0.012408462724309288,0.03222681992662042,0.009657567608344159,29.967485561200803,2.3732983207822054
symmetric_low,対称・低RG差,2.52,0.03,0,90,6,70,2.537929824193945,2.521875623186416,2.5376459932059996,2.5442790866752953,0.02240346348887945,0.006633093469295748,0.023364783441538004,0.0038821975708188813,16.615594065028205,2.373289823298785
symmetric_high,対称・高RG差,2.48,0.055,0,10,1,20,2.470813827311775,2.46862538277675,2.5285345454444155,2.5355849209184607,0.06695953814171052,0.00705037547404519,0.06732969287377007,0.022467658981530886,33.369614537902805,2.3732881761581917
symmetric_high,対称・高RG差,2.48,0.055,0,10,1,40,2.47081424564501,2.4694347770665908,2.5286357686393486,2.534695632991675,0.06526085592508446,0.006059864352326638,0.06554159955359062,0.017875612555811323,27.27368980550312,2.3733012122363704
symmetric_high,対称・高RG差,2.48,0.055,0,10,1,70,2.470814296952346,2.4701786113400876,2.5286769244988534,2.5339296852336837,0.06375107389359602,0.005252760734830275,0.06396710809411439,0.012561340160732062,19.63718625867945,2.3732815070181195
symmetric_high,対称・高RG差,2.48,0.055,0,10,2,20,2.4791557721739315,2.4706162632351645,2.527418421215631,2.5347584221646815,0.06414215892951702,0.007340000949050296,0.06456076336345071,0.04068032142439364,63.01090523880589,2.3733016046139292
symmetric_high,対称・高RG差,2.48,0.055,0,10,2,40,2.4791551818341047,2.4723896528659286,2.5277674889448267,2.53268037571045,0.060290722844521305,0.004912886765623181,0.06049055891200476,0.03628031058902259,59.97681496347113,2.37330299189413
symmetric_high,対称・高RG差,2.48,0.055,0,10,2,70,2.4791551086576256,2.474080726775696,2.528697025553024,2.5300997541626637,0.056019027386967846,0.0014027286096398583,0.05603658694936867,0.03197867751260603,57.06749688645396,2.373302259506837
symmetric_high,対称・高RG差,2.48,0.055,0,10,3,20,2.491023428509603,2.4727985770153236,2.525400520389798,2.534641618058838,0.06184304104351446,0.009241097669040244,0.0625296698507081,0.050770968562175,81.19500500065419,2.373301825903375
symmetric_high,対称・高RG差,2.48,0.055,0,10,3,40,2.491023118155747,2.4755418980088715,2.5254732819913635,2.5318898605838047,0.05634796257493324,0.006416578592441269,0.05671212716147274,0.04635673341397446,81.74042437517105,2.373289017275712
symmetric_high,対称・高RG差,2.48,0.055,0,10,3,70,2.491023067271432,2.4782744385525204,2.525920386597337,2.528768712584391,0.05049427403187057,0.002848325987053979,0.05057454568193535,0.04214933093926297,83.34099767171656,2.373288337281674
symmetric_high,対称・高RG差,2.48,0.055,0,10,3.5,20,2.4974941726431665,2.4738214816583572,2.524273738383092,2.5347659985918907,0.06094451693353342,0.010492260208798676,0.06184110015637563,0.05168190566415855,83.57209935378276,2.3732769729300203
symmetric_high,対称・高RG差,2.48,0.055,0,10,3.5,40,2.497494235113631,2.476976894063653,2.524097465475257,2.5318583082670103,0.05488141420335735,0.007760842791753486,0.05542743279098163,0.047248716458020944,85.2442808170408,2.373300328754944
symmetric_high,対称・高RG差,2.48,0.055,0,10,3.5,70,2.497494692354123,2.4801924445991643,2.524018433912107,2.5287873425231076,0.048594897923943225,0.004768908611000544,0.04882833801777956,0.043022095987012496,88.10886819728971,2.3733002275480937
symmetric_high,対称・高RG差,2.48,0.055,0,10,4,20,2.5038634293197175,2.47470718851411,2.523195163406273,2.5349751995932523,0.06026801107914226,0.011780036186979537,0.06140848811037576,0.04966826479335961,80.8817580789251,2.373288780182217
symmetric_high,対称・高RG差,2.48,0.055,0,10,4,40,2.5038623498618713,2.4781799653478216,2.522822632331338,2.531951586925468,0.05377162157764648,0.00912895459412999,0.05454104050227959,0.04521273841482748,82.89672877241455,2.373305059845783
symmetric_high,対称・高RG差,2.48,0.055,0,10,4,70,2.503862896969811,2.481784977123497,2.5224277647337474,2.528812035940603,0.047027058817106226,0.006384271206855807,0.04745843633992018,0.04094011498855758,86.26519992214821,2.3733036757200683
symmetric_high,対称・高RG差,2.48,0.055,0,10,5,20,2.514949402170043,2.475837000494733,2.5215210808556967,2.5355376822480404,0.05970068175330745,0.01401660139234373,0.06132402886635507,0.037410891829789385,61.00527398700408,2.3732818623429464
symmetric_high,対称・高RG差,2.48,0.055,0,10,5,40,2.514948635062441,2.4794835880685833,2.5211124785344325,2.5323787846351156,0.0528951965665323,0.011266306100683021,0.05408171107654027,0.03283302356185307,60.71003100361496,2.3732978915505623
symmetric_high,対称・高RG差,2.48,0.055,0,10,5,70,2.514948857653272,2.483322545473028,2.5208427917885747,2.528883095506793,0.045560550033765246,0.0080403037182184,0.04626456747080235,0.028220813641822034,60.998762518707736,2.3732971025324074
symmetric_high,対称・高RG差,2.48,0.055,0,10,6,20,2.521959347514811,2.475824508610619,2.520837857197836,2.536229114498766,0.06040460588814689,0.01539125730093005,0.062334638956247926,0.0181082539996483,29.05006638822165,2.373303577097378
symmetric_high,対称・高RG差,2.48,0.055,0,10,6,40,2.5219597467125614,2.4789206997369377,2.5209594084804854,2.533081961542199,0.05416126180526115,0.012122553061713504,0.055501338480005144,0.013328779008085882,24.015238862910838,2.373307954667973
symmetric_high,対称・高RG差,2.48,0.055,0,10,6,70,2.521958371913848,2.4821019886653812,2.521909532578638,2.5290178459846815,0.04691585731930026,0.007108313406043454,0.047451299112705826,0.006971374400355283,14.691640757394117,2.373297306489868
symmetric_high,対称・高RG差,2.48,0.055,0,50,1,20,2.4708141064747156,2.468625535200496,2.52853515725236,2.535584111675275,0.06695857647477865,0.007048954422914644,0.06732858770229114,0.02246831532842418,33.371137127921074,2.3733018266998798
symmetric_high,対称・高RG差,2.48,0.055,0,50,1,40,2.4708133476102514,2.469434128391974,2.528638581009783,2.534693557224669,0.06525942883269487,0.006054976214886043,0.06553972679629051,0.017874590237533083,27.272909289186675,2.373296270945747
symmetric_high,対称・高RG差,2.48,0.055,0,50,1,70,2.4708141759624533,2.470178497573845,2.5286770421452793,2.533929638965925,0.06375114139208016,0.005252596820645827,0.06396716190478717,0.01256129386114604,19.63709735917794,2.3733031062413463
symmetric_high,対称・高RG差,2.48,0.055,0,50,2,20,2.4791557963652915,2.4706160091973115,2.5274153962796166,2.5347616605573857,0.06414565136007422,0.007346264277769077,0.06456494549867611,0.040680141481356714,63.00654506428857,2.373302000638038
symmetric_high,対称・高RG差,2.48,0.055,0,50,2,40,2.47915513954033,2.472389642182815,2.5277646125636286,2.532683259091221,0.060293616908405845,0.00491864652759233,0.060493911458600516,0.03627950903260617,59.972166054156276,2.3732944844583757
symmetric_high,対称・高RG差,2.48,0.055,0,50,2,70,2.479155538894002,2.474081275400428,2.528696408272821,2.530099876363434,0.05601860096300593,0.0014034680906132024,0.056036179175010296,0.03197816048464344,57.06698949757144,2.373290386492043
symmetric_high,対称・高RG差,2.48,0.055,0,50,3,20,2.4910235067949333,2.4727990977020475,2.5254021851630752,2.534639526036419,0.061840428334371644,0.009237340873343935,0.06252653071288145,0.05077116343229201,81.19939304713792,2.373292356389009
symmetric_high,対称・高RG差,2.48,0.055,0,50,3,40,2.4910229999629068,2.475541883912689,2.525472794688141,2.531890286292395,0.05634840237970584,0.006417491604254089,0.05671266744948531,0.046356369179948106,81.73900340913838,2.373304053102236
symmetric_high,対称・高RG差,2.48,0.055,0,50,3,70,2.49102380196561,2.4782758624328842,2.5259203554080654,2.5287672373503876,0.05049137491750333,0.002846881942322188,0.05057156985751386,0.04214765401747983,83.34258583672893,2.3733088555832538
symmetric_high,対称・高RG差,2.48,0.055,0,50,3.5,20,2.497495045775106,2.4738202209045546,2.5242732457489208,2.534767670607241,0.060947449702686285,0.010494424858320084,0.06184435769226164,0.05168357686045929,83.57039961129108,2.3732818183789566
symmetric_high,対称・高RG差,2.48,0.055,0,50,3.5,40,2.497494443366047,2.4769769961729318,2.524098025956696,2.5318576453520234,0.054880649179091634,0.007759619395327544,0.055426504016389794,0.04724921938520456,85.24661662087296,2.373290903280738
symmetric_high,対称・高RG差,2.48,0.055,0,50,3.5,70,2.4974948915150574,2.4801924250688883,2.524018231621589,2.528787565474399,0.04859514040551094,0.004769333852810309,0.04882862087373434,0.04302216623410916,88.1085016620886,2.3732877847861618
symmetric_high,対称・高RG差,2.48,0.055,0,50,4,20,2.5038630102576658,2.4747087489062083,2.523196085664037,2.534972813594707,0.06026406468849865,0.01177672793066975,0.061403980437204284,0.04966761364292233,80.88663518111122,2.373289313357561
symmetric_high,対称・高RG差,2.48,0.055,0,50,4,40,2.5038626973179747,2.4781794873983776,2.52282215545436,2.5319524931731543,0.05377300577477673,0.009130337718794124,0.05454263668831391,0.04521246980526181,82.89381032976144,2.373304482591393
symmetric_high,対称・高RG差,2.48,0.055,0,50,4,70,2.5038626657923415,2.4817856825680886,2.5224281570682185,2.528810981186856,0.047025298618767586,0.006382824118637664,0.04745649748889742,0.04093937028518692,86.2671550819038,2.3732897303467726
symmetric_high,対称・高RG差,2.48,0.055,0,50,5,20,2.5149488161874207,2.4758395406836544,2.521521249935578,2.5355350748966488,0.05969553421299434,0.014013824961070842,0.06131838301043424,0.037409748329428325,61.0090261562548,2.373301504263864
symmetric_high,対称・高RG差,2.48,0.055,0,50,5,40,2.514948692559337,2.479481500897571,2.521112122968921,2.53238110292527,0.05289960202769928,0.011268979956349234,0.05408657692945234,0.032831646997026676,60.702024163685806,2.3732984213756447
symmetric_high,対称・高RG差,2.48,0.055,0,50,5,70,2.5149489977640176,2.4833226827414507,2.5208427749819413,2.528882959656095,0.04556027691464415,0.008040184674153572,0.04626427781921545,0.028220611871088888,60.99870829361074,2.373302213441486
symmetric_high,対称・高RG差,2.48,0.055,0,50,6,20,2.5219594846636904,2.4758264635302556,2.5208379119264377,2.536227181904844,0.06040071837458827,0.015389269978406173,0.06233038112056269,0.01810847283713844,29.05240191314101,2.373304807868972
symmetric_high,対称・高RG差,2.48,0.055,0,50,6,40,2.5219594714219156,2.478923444291535,2.520959452219638,2.533079362572888,0.05415591828135291,0.012119910353249885,0.05549554677510069,0.013328552915472566,24.017337768537345,2.373300205268471
symmetric_high,対称・高RG差,2.48,0.055,0,50,6,70,2.5219587047101797,2.4821030855585424,2.5219095778490237,2.5290166923696615,0.04691360681111911,0.007107114520637836,0.04744889441112135,0.00697046203057778,14.690462479867609,2.3732879277914325
symmetric_high,対称・高RG差,2.48,0.055,0,90,1,20,2.470813548813977,2.468625328228286,2.5285380254705134,2.5355815533635098,0.06695622513522359,0.007043527892996337,0.06732568135220143,0.022466903125716954,33.37048014142723,2.3732793679106425
symmetric_high,対称・高RG差,2.48,0.055,0,90,1,40,2.470814453243186,2.4694349301673046,2.5286326187517902,2.5346985568389844,0.06526362667167973,0.006065938087194134,0.06554492025487603,0.0178754654368343,27.272083583783914,2.373305447744297
symmetric_high,対称・高RG差,2.48,0.055,0,90,1,70,2.470814007780537,2.4701782062891513,2.528678826721913,2.5339282414921227,0.0637500352029714,0.005249414770209793,0.06396579823475816,0.01256251164372187,19.639419799963612,2.373291233334406
symmetric_high,対称・高RG差,2.48,0.055,0,90,2,20,2.479155950134448,2.470616116476732,2.5274169805537996,2.5347600091559985,0.06414389267926657,0.007343028602198931,0.06456283015096209,0.04068063584124397,63.009375125166756,2.3732986149056883
symmetric_high,対称・高RG差,2.48,0.055,0,90,2,40,2.479156505566757,2.472390229262717,2.527763097170316,2.532684090646393,0.060293861383676095,0.004920993476077218,0.06049434599485759,0.03628060412823649,59.97354551336183,2.373303094561711
symmetric_high,対称・高RG差,2.48,0.055,0,90,2,70,2.479155025116049,2.4740804771742213,2.528697685550009,2.5300994008821416,0.056018923707920276,0.0014017153321326248,0.0560364579471805,0.03197916717815642,57.06850209608131,2.373278972475652
symmetric_high,対称・高RG差,2.48,0.055,0,90,3,20,2.4910234043489545,2.472798560596094,2.5254007769524085,2.534641369798765,0.061842809202671045,0.009240592846356588,0.06252936595096828,0.0507711034612051,81.19561535457869,2.373306449798762
symmetric_high,対称・高RG差,2.48,0.055,0,90,3,40,2.4910234245627048,2.475541732134714,2.525471621828704,2.531891613276504,0.05634988114179018,0.006419991447800033,0.056714419638075345,0.046356305685381904,81.73636613264486,2.37328300932051
symmetric_high,対称・高RG差,2.48,0.055,0,90,3,70,2.491023671884738,2.478275703862083,2.525920435130118,2.528767324346192,0.050491620484109045,0.002846889216074011,0.05057181544417699,0.04214781325467971,83.342495982182,2.373304827844692
symmetric_high,対称・高RG差,2.48,0.055,0,90,3.5,20,2.4974947507288316,2.4738202174723685,2.5242727141388204,2.5347681870462315,0.06094796957386306,0.010495472907411152,0.061845047875531134,0.05168299986120955,83.56853400004857,2.373300232709834
symmetric_high,対称・高RG差,2.48,0.055,0,90,3.5,40,2.497494621881216,2.4769772906551144,2.5240990051906453,2.5318564626345013,0.054879171979386854,0.00775745744385592,0.05542473872862509,0.047249867645784975,85.25050136390078,2.373287834759137
symmetric_high,対称・高RG差,2.48,0.055,0,90,3.5,70,2.497494687230377,2.480192384635539,2.524018396130235,2.52878744675646,0.04859506212092102,0.004769050626225013,0.0488285153000956,0.04302215196045095,88.10866293197884,2.373296313359817
symmetric_high,対称・高RG差,2.48,0.055,0,90,4,20,2.503861911031766,2.4747115365049615,2.5231971657466015,2.534969064099612,0.06025752759465064,0.011771898353010624,0.06139663852894307,0.04966567921271701,80.89315702406743,2.373296277855533
symmetric_high,対称・高RG差,2.48,0.055,0,90,4,40,2.5038624964279097,2.478180403668618,2.5228232922571654,2.531950550825798,0.05377014715717987,0.009127258568632612,0.05453930302344774,0.04521339940124516,82.90058158940325,2.3732919827452617
symmetric_high,対称・高RG差,2.48,0.055,0,90,4,70,2.5038630194185356,2.4817856294461276,2.5224279567158714,2.528811224567405,0.04702559512127724,0.006383267851533425,0.04745685098038758,0.040939441228603705,86.26666199475116,2.3732852239462376
symmetric_high,対称・高RG差,2.48,0.055,0,90,5,20,2.5149487552920142,2.4758410425120077,2.5215215973339884,2.5355333149761727,0.059692272464165086,0.01401171764218434,0.061314725989931824,0.03740973163638272,61.01263771858913,2.3732892958072833
symmetric_high,対称・高RG差,2.48,0.055,0,90,5,40,2.514948320566357,2.4794831377179753,2.5211123585694426,2.5323793363870784,0.052896198669103,0.011266977817635748,0.054082831127672204,0.03283233811720402,60.707506305831906,2.3732863701977855
symmetric_high,対称・高RG差,2.48,0.055,0,90,5,70,2.5149486057538204,2.4833207415241834,2.520842831988789,2.5288848696605517,0.04556412813636834,0.008042037671762703,0.04626839248062811,0.028222581745613554,60.99754115604931,2.37328357995544
symmetric_high,対称・高RG差,2.48,0.055,0,90,6,20,2.5219588725695656,2.47582830000015,2.520837903166303,2.5362254462994027,0.060397146299252746,0.015387543133099868,0.06232649328147981,0.018106617005534502,29.051236564459256,2.3732994364640936
symmetric_high,対称・高RG差,2.48,0.055,0,90,6,40,2.521958649631225,2.4789236858728936,2.5209596144808097,2.5330789474834234,0.05415526161052986,0.012119333002613697,0.055494779867417895,0.013326533822435207,24.014031327403252,2.3732983207822054
symmetric_high,対称・高RG差,2.48,0.055,0,90,6,70,2.521959273140993,2.482104701847389,2.521909620591865,2.5290150154479307,0.04691031360054154,0.007105394856065761,0.04744538078845778,0.0069693532401888525,14.689213416291757,2.373289823298785
asymmetric_medium,非対称・中RG差,2.5,0.045,0.015,10,1,20,2.4905363180022575,2.4884223525213107,2.530299220590186,2.5393804525137083,0.05095809999239753,0.009081231923522282,0.051760957565369525,0.019566159863772876,37.80100056893759,2.373304427159314
asymmetric_medium,非対称・中RG差,2.5,0.045,0.015,10,1,40,2.4905370907107693,2.489250622688374,2.5273329008690864,2.5415217906995973,0.052271168011223335,0.01418888983051092,0.054162714111092275,0.015262260877706293,28.17853781552031,2.3732955899422157
asymmetric_medium,非対称・中RG差,2.5,0.045,0.015,10,1,70,2.49053621658024,2.4901560869002073,2.524034552463503,2.543911445233236,0.0537553583330288,0.019876892769733256,0.057312558970018114,0.009132084462994395,15.933827815595631,2.3733000480284314
asymmetric_medium,非対称・中RG差,2.5,0.045,0.015,10,2,20,2.497280979292289,2.490258433990139,2.5302786117694427,2.537600575982712,0.04734214199257325,0.007321964213269361,0.047905005671488705,0.03375806320353835,70.46875943411047,2.3732797067778333
asymmetric_medium,非対称・中RG差,2.5,0.045,0.015,10,2,40,2.4972809404918945,2.49198736288085,2.527582497176698,2.5385900089858517,0.04660264610500153,0.011007511809153936,0.04788498658469769,0.02970925839253133,62.04295022612648,2.373283391924166
asymmetric_medium,非対称・中RG差,2.5,0.045,0.015,10,2,70,2.4972811881915877,2.4938936418311393,2.523958786196499,2.5403228186874043,0.04642917685626502,0.016364032490905345,0.04922854886053154,0.02545855431914759,51.71502087391146,2.373294968510229
asymmetric_medium,非対称・中RG差,2.5,0.045,0.015,10,3,20,2.5068857706089727,2.492354108294731,2.5292642213729124,2.536554062326866,0.04419995403213495,0.007289840953953686,0.04479707264517161,0.041902250988153214,93.53792226570766,2.3732913874114283
asymmetric_medium,非対称・中RG差,2.5,0.045,0.015,10,3,40,2.506884362933273,2.4949982696270347,2.5274336515466356,2.5357791162120145,0.04078084658497971,0.008345464665378888,0.04162600423615915,0.03773367320182388,90.64928016570437,2.373306743437683
asymmetric_medium,非対称・中RG差,2.5,0.045,0.015,10,3,70,2.506884573948706,2.4980355997208448,2.5237450712149863,2.5364624903519055,0.03842689063106075,0.012717419136919261,0.04047664355002258,0.033998154180912975,83.99449954119036,2.3732959283857316
asymmetric_medium,非対称・中RG差,2.5,0.045,0.015,10,3.5,20,2.5121250766272114,2.4933808424904194,2.528301651111528,2.5365046972781053,0.04312385478768599,0.008203046166577188,0.04389711628524617,0.04281735256675166,97.54023997504044,2.373300566964482
asymmetric_medium,非対称・中RG差,2.5,0.045,0.015,10,3.5,40,2.512125516779021,2.4964231171900697,2.5269741501968843,2.534834623143337,0.038411505953267255,0.007860472946452646,0.03920753530304857,0.03846917659524709,98.11679387114123,2.373300256701577
asymmetric_medium,非対称・中RG差,2.5,0.045,0.015,10,3.5,70,2.5121254018917027,2.5000029495369382,2.523536374607223,2.5347312418753485,0.03472829233841024,0.011194867268125464,0.03648807122736183,0.03463156655592463,94.9120230009718,2.373305764896315
asymmetric_medium,非対称・中RG差,2.5,0.045,0.015,10,4,20,2.517284644008145,2.4943075199669624,2.5271700666277246,2.5367212370467693,0.0424137170798069,0.009551170419044741,0.04347583527546698,0.04153491010395248,95.53562304388952,2.3732913213879696
asymmetric_medium,非対称・中RG差,2.5,0.045,0.015,10,4,40,2.5172856640564354,2.4976665041037758,2.526177805988964,2.534403414799369,0.03673691069559304,0.008225608810404683,0.03764653035483862,0.03701148462177251,98.31313609227607,2.373296231996994
asymmetric_medium,非対称・中RG差,2.5,0.045,0.015,10,4,70,2.517284777475473,2.5016958055332905,2.5232364949337893,2.5333592419359467,0.03166343640265623,0.010122747002157428,0.03324219023612528,0.03283035530653952,98.76110771684893,2.373280560577368
asymmetric_medium,非対称・中RG差,2.5,0.045,0.015,10,5,20,2.5262727192029675,2.495616201674733,2.5248964838046803,2.5376979653327774,0.04208176365804439,0.012801481528097014,0.04398582455616485,0.03294064773134567,74.88923548377328,2.3732946583726036
asymmetric_medium,非対称・中RG差,2.5,0.045,0.015,10,5,40,2.526272493104629,2.499186977989146,2.5241013712241744,2.5349734510986526,0.035786473109506556,0.010872079874478136,0.03740152107086647,0.028208319766548428,75.42024751640652,2.3732863069563472
asymmetric_medium,非対称・中RG差,2.5,0.045,0.015,10,5,70,2.526272827916308,2.5034425845994055,2.5225638303604554,2.5323033858712365,0.028860801271830994,0.009739555510781095,0.030459888240105343,0.022685695464624008,74.4772774141523,2.3732957443512044
asymmetric_medium,非対称・中RG差,2.5,0.045,0.015,10,6,20,2.5319599761832827,2.495820508006487,2.523260431539158,2.539123921902993,0.04330341389650627,0.015863490363835275,0.04611763200355832,0.02055342115341307,44.56738184611738,2.3732796471725104
asymmetric_medium,非対称・中RG差,2.5,0.045,0.015,10,6,40,2.531960435060499,2.4988496534278757,2.5226062154583304,2.5367935066286766,0.03794385320080096,0.014187291170346228,0.04050944613884665,0.016274455724916457,40.17447108295569,2.373299706419319
asymmetric_medium,非対称・中RG差,2.5,0.045,0.015,10,6,70,2.5319599259526724,2.5021598660492135,2.52243732255783,2.5336967772084917,0.03153691115927826,0.011259454650661915,0.033486595594334784,0.009054006458382776,27.03770358762454,2.373292096663926
asymmetric_medium,非対称・中RG差,2.5,0.045,0.015,50,1,20,2.490079323259782,2.4883740401638494,2.528873872528526,2.5408472704907195,0.05247323032687001,0.011973397962193655,0.05382194867986307,0.01890068806156283,35.11706380975821,2.373297891344807
asymmetric_medium,非対称・中RG差,2.5,0.045,0.015,50,1,40,2.4900797699166963,2.489034625686039,2.530245978700999,2.5388333801994283,0.04979875451338911,0.00858740149842907,0.05053374531518532,0.014396128575615022,28.488148831685756,2.373297342436665
asymmetric_medium,非対称・中RG差,2.5,0.045,0.015,50,1,70,2.4900802464343057,2.489795024116122,2.527399924472957,2.5409218039411705,0.05112677982504854,0.013521879468213704,0.05288467490333934,0.007658583510047517,14.481668884314017,2.3732871391667447
asymmetric_medium,非対称・中RG差,2.5,0.045,0.015,50,2,20,2.495554983275007,2.4901448366861834,2.5262981026232336,2.541674611309436,0.05152977462325259,0.015376508686202328,0.05377503781588686,0.03109858222368769,57.830888618176246,2.3732834173788793
asymmetric_medium,非対称・中RG差,2.5,0.045,0.015,50,2,40,2.495555515619892,2.4916527281078875,2.5274750190509985,2.5390253629524073,0.04737263484451981,0.011550343901408855,0.04876040377553313,0.02600217623834716,53.32641697974303,2.3732809261907364
asymmetric_medium,非対称・中RG差,2.5,0.045,0.015,50,2,70,2.495555225240515,2.493336409184477,2.5255908744194207,2.5392473326041154,0.045910923419638205,0.013656458184694742,0.04789897430419778,0.020064831234956778,41.88989749034841,2.373305746415011
asymmetric_medium,非対称・中RG差,2.5,0.045,0.015,50,3,20,2.503355551909585,2.4922305682605024,2.523354350657276,2.5425543405370896,0.05032377227658724,0.01919998987981364,0.053862061486084585,0.039477966871772956,73.29457095134057,2.3732955847275328
asymmetric_medium,非対称・中RG差,2.5,0.045,0.015,50,3,40,2.503355382063077,2.4946492499103776,2.52404690656183,2.5394932000886943,0.04484395017831666,0.01544629352686444,0.04742960943665256,0.03421260655971095,72.13343513908887,2.3732869566331063
asymmetric_medium,非対称・中RG差,2.5,0.045,0.015,50,3,70,2.50335593184066,2.497410791459873,2.5228386568790473,2.5379790352153107,0.04056824375543755,0.01514037833626336,0.043301425583527745,0.0282609762744753,65.2656948209715,2.373289472930726
asymmetric_medium,非対称・中RG差,2.5,0.045,0.015,50,3.5,20,2.5076151830164695,2.493281010707083,2.5218472875771325,2.543019707072158,0.049738696365075,0.021172419495025352,0.05405746260573515,0.04132190066672836,76.44069602028337,2.373297629398664
asymmetric_medium,非対称・中RG差,2.5,0.045,0.015,50,3.5,40,2.5076159140569767,2.49613499167977,2.522236527051375,2.5398318665383552,0.04369687485858531,0.017595339486980333,0.04710639918385775,0.03609485110440962,76.62409296777342,2.37329623895087
asymmetric_medium,非対称・中RG差,2.5,0.045,0.015,50,3.5,70,2.507615579984486,2.499451929840329,2.521213565388868,2.5375845297518067,0.03813259991147788,0.01637096436293861,0.041498236711714015,0.02995206749475966,72.17672332160771,2.373293547201281
asymmetric_medium,非対称・中RG差,2.5,0.045,0.015,50,4,20,2.511810889120693,2.494255876300566,2.520391413542984,2.5435068899184357,0.04925101361786943,0.02311547637545175,0.05440576798880453,0.04146616146739897,76.21648034806118,2.373305502645754
asymmetric_medium,非対称・中RG差,2.5,0.045,0.015,50,4,40,2.5118101324914575,2.4974941057153743,2.520480139680437,2.5402393640008527,0.04274525828547837,0.019759224320415658,0.04709123115439606,0.03635356017264668,77.19815193078256,2.3733003102038994
asymmetric_medium,非対称・中RG差,2.5,0.045,0.015,50,4,70,2.5118097577699556,2.5013104704764864,2.5195933529243164,2.5373624950832068,0.03605202460672041,0.01776914215889036,0.04019316970962142,0.029950480814146124,74.51634451954307,2.373295420278742
asymmetric_medium,非対称・中RG差,2.5,0.045,0.015,50,5,20,2.5191215500271733,2.4956958075007223,2.517937485843446,2.5445247652983927,0.04882895779767038,0.026587279454946877,0.055598116410739265,0.03731771329993326,67.12046326217809,2.3733030468568823
asymmetric_medium,非対称・中RG差,2.5,0.045,0.015,50,5,40,2.5191214026603626,2.4993046470328877,2.517655382266633,2.541259675892908,0.04195502886002034,0.02360429362627503,0.04813924723383766,0.03257332840772108,67.66480632631266,2.373292409258999
asymmetric_medium,非対称・中RG差,2.5,0.045,0.015,50,5,70,2.5191211908961213,2.503451638163276,2.5174354116053514,2.5373928237994567,0.03394118563618065,0.019957412194105295,0.03937387946183482,0.02520695096253055,64.01947511157415,2.3732901734747416
asymmetric_medium,非対称・中RG差,2.5,0.045,0.015,50,6,20,2.5237502254525035,2.4959498018681145,2.5166021915902093,2.5455964728489393,0.04964667098082476,0.028994281258730048,0.05749313250457493,0.031544994494032697,54.86741306280807,2.373288105039055
asymmetric_medium,非対称・中RG差,2.5,0.045,0.015,50,6,40,2.5237508860768956,2.4990138516627987,2.516654145257954,2.542537063195548,0.04352321153274952,0.02588291793759412,0.050637884859941494,0.027797362667207098,54.89439921136393,2.373295619230062
asymmetric_medium,非対称・中RG差,2.5,0.045,0.015,50,6,70,2.5237507648995843,2.501963066968978,2.51827136639126,2.5380313604963343,0.03606829352735641,0.01975999410507434,0.04112638040246325,0.02023523494924842,49.202567187353154,2.373283127297807
asymmetric_medium,非対称・中RG差,2.5,0.045,0.015,90,1,20,2.489740663107697,2.4886139845441444,2.524403032147092,2.5450546245179524,0.05644063997380799,0.02065159237086034,0.06010020056626426,0.014857507614276457,24.721228006377647,2.373286941557971
asymmetric_medium,非対称・中RG差,2.5,0.045,0.015,90,1,40,2.4897395336860795,2.489206930342075,2.526391306729775,2.542500637548468,0.05329370720639259,0.01610933081869259,0.05567521681346899,0.010235461545602407,18.384232934188116,2.3732923839659583
asymmetric_medium,非対称・中RG差,2.5,0.045,0.015,90,1,70,2.4897411203270927,2.489691155458429,2.5294960853261914,2.5389368559384318,0.049245700480002874,0.009440770612240357,0.05014246868193764,0.003131759651625491,6.245722905050377,2.3732943260877732
asymmetric_medium,非対称・中RG差,2.5,0.045,0.015,90,2,20,2.4942728771019933,2.490453464302467,2.522752391380596,2.5448919467335505,0.05443848243108329,0.02213955535295442,0.05876825912536372,0.02346894710345157,39.93473254565513,2.373293548521633
asymmetric_medium,非対称・中RG差,2.5,0.045,0.015,90,2,40,2.4942724933290883,2.4918924996969274,2.5240134098641214,2.5422316460610785,0.050339146364151155,0.01821823619695717,0.05353441684374224,0.018312135878714542,34.20628627031563,2.3732925610811355
asymmetric_medium,非対称・中RG差,2.5,0.045,0.015,90,2,70,2.494272731872429,2.4931592488870464,2.526106301336504,2.538908685121314,0.04574943623426764,0.012802383784809912,0.04750696734508408,0.012373014972808129,26.044632322943812,2.373294784212746
asymmetric_medium,非対称・中RG差,2.5,0.045,0.015,90,3,20,2.5007331911112485,2.492587130779455,2.5206752429230903,2.544861309686466,0.05227417890701069,0.024186066763375536,0.05759822571819918,0.02926723420727268,50.81273570901887,2.3732869798126837
asymmetric_medium,非対称・中RG差,2.5,0.045,0.015,90,3,40,2.5007324796275867,2.494976054876475,2.5210915324722856,2.5421065313017572,0.04713047642528245,0.021014998829471665,0.051603410583766655,0.0242212556105229,46.937315453607624,2.373289163220765
asymmetric_medium,非対称・中RG差,2.5,0.045,0.015,90,3,70,2.5007330727014363,2.497224799106084,2.5220945767695397,2.538901431690084,0.04167663258400012,0.016806854920544456,0.044937869062317254,0.018670812906956158,41.54806023637781,2.3732972850428906
asymmetric_medium,非対称・中RG差,2.5,0.045,0.015,90,3.5,20,2.5042617214521434,2.493644615942036,2.5195984615759555,2.5448916036238307,0.05124698768179492,0.02529314204787525,0.05714890008663365,0.030024576928643635,52.53745370974511,2.3733011392784986
asymmetric_medium,非対称・中RG差,2.5,0.045,0.015,90,3.5,40,2.5042624840839363,2.496503117885249,2.519588544849222,2.5420973382103824,0.045594220325133605,0.022508793361160517,0.05084760275206935,0.02508210494297173,49.3279989329506,2.373295463016248
asymmetric_medium,非対称・中RG差,2.5,0.045,0.015,90,3.5,70,2.504261827659482,2.4993076918088692,2.5200273085766707,2.5389045912131403,0.039596899404271024,0.018877282636469594,0.04386645919343292,0.019622355592062407,44.73202522577886,2.3733036140631487
asymmetric_medium,非対称・中RG差,2.5,0.045,0.015,90,4,20,2.5077380059495638,2.4946078461553696,2.5185856682162404,2.5449501453638734,0.05034229920850386,0.026364477147633014,0.056828098198572444,0.029152120356600298,51.298778739233995,2.373286785142524
asymmetric_medium,非対称・中RG差,2.5,0.045,0.015,90,4,40,2.5077389233080893,2.497880799098154,2.5182032656006466,2.5421165985953023,0.044235799497148065,0.0239133329946557,0.050285718171914115,0.024294957303457865,48.313831812841116,2.373304309353441
asymmetric_medium,非対称・中RG差,2.5,0.045,0.015,90,4,70,2.50773864162462,2.5012483985729306,2.5180973326319815,2.538908303231314,0.037659904658383425,0.020810970599332457,0.04302749023780971,0.018856453376669222,43.824199999700234,2.3732907411315667
asymmetric_medium,非対称・中RG差,2.5,0.045,0.015,90,5,20,2.5138003827846163,2.4959232429685363,2.5170969930571596,2.5451331121259106,0.04920986915737435,0.02803611906875103,0.05663598851369232,0.022844283973042223,40.33527898523283,2.3733048974772046
asymmetric_medium,非対称・中RG差,2.5,0.045,0.015,90,5,40,2.5138007291984112,2.499545306550678,2.516428067298198,2.542238314834272,0.042693008283594125,0.025810247536074193,0.04988849400589739,0.01789050802213833,35.8609903518504,2.373307083147463
asymmetric_medium,非対称・中RG差,2.5,0.045,0.015,90,5,70,2.513799389032944,2.5034774055993787,2.515859181182466,2.5389303174278415,0.035452911828462774,0.023071136245375268,0.042298774033882165,0.011601747874940347,27.428094879646192,2.373288970511244
asymmetric_medium,非対称・中RG差,2.5,0.045,0.015,90,6,20,2.5176400006041857,2.4959640952298714,2.516823913705685,2.5453632303981015,0.049399135168230135,0.028539316692416605,0.05705056662855436,0.014388223171844506,25.220123168142315,2.373292904197401
asymmetric_medium,非対称・中RG差,2.5,0.045,0.015,90,6,40,2.5176399337170077,2.4988727961612778,2.5168910269216407,2.5424412886853722,0.04356849252409445,0.02555026176373154,0.050507716410636457,0.01038007913410831,20.55147187751763,2.373278911917902
asymmetric_medium,非対称・中RG差,2.5,0.045,0.015,90,6,70,2.5176399259489615,2.5016835557231096,2.517619693836617,2.5389531774761447,0.037269621753035054,0.021333483639527806,0.04294347715092833,0.004370460608279693,10.177239707253689,2.3732968711447833
asymmetric_high,非対称・高RG差,2.48,0.055,0.025,10,1,20,2.470772414731156,2.4681469476806774,2.5102918940246637,2.5290491130172605,0.0609021653365831,0.018757218992596858,0.0637252462295811,0.02429075023643648,38.11793860933059,2.373304427159314
asymmetric_high,非対称・高RG差,2.48,0.055,0.025,10,1,40,2.470773194358572,2.4690391001748964,2.5074287321670443,2.5310178749004817,0.06197877472558533,0.023589142733437374,0.06631603253650913,0.01993239586811304,30.05667725544288,2.3732955899422157
asymmetric_high,非対称・高RG差,2.48,0.055,0.025,10,1,70,2.470772312863534,2.470065978398354,2.5038405676502564,2.5335668159566676,0.0635008375583137,0.02972624830641113,0.07011423684945702,0.014159680383671588,20.1951572461296,2.3733000480284314
asymmetric_high,非対称・高RG差,2.48,0.055,0.025,10,2,20,2.4789991965704736,2.4700161078057223,2.5100900317129993,2.5274242268527995,0.05740811904707721,0.01733419513980028,0.05996804527136153,0.0430502710190228,71.78868483075598,2.3732797067778333
asymmetric_high,非対称・高RG差,2.48,0.055,0.025,10,2,40,2.4789991571993775,2.4718349081662434,2.507498105932885,2.5282187643153655,0.056383856149122114,0.020720658382480384,0.0600706660363305,0.0391882505830358,65.23691706586857,2.373283391924166
asymmetric_high,非対称・高RG差,2.48,0.055,0.025,10,2,70,2.478999405831845,2.473921207112823,2.503731115437677,2.5299108637979093,0.05598965668508615,0.026179748360232402,0.061807935412201746,0.03528848888748978,57.09378359291281,2.373294968510229
asymmetric_high,非対称・高RG差,2.48,0.055,0.025,10,3,20,2.490705582089832,2.47213002492518,2.509344441276056,2.526097340628299,0.05396731570311886,0.016752899352242778,0.056507794160686145,0.05359934647512456,94.85301500658282,2.3732913874114283
asymmetric_high,非対称・高RG差,2.48,0.055,0.025,10,3,40,2.490704164220546,2.474861270020289,2.5072248990588077,2.525527486209241,0.05066621618895217,0.018302587150433425,0.053870679959555454,0.04977420487414844,92.39572418896043,2.373306743437683
asymmetric_high,非対称・高RG差,2.48,0.055,0.025,10,3,70,2.4907043773455824,2.4780901695836324,2.5034987283121337,2.5260576748151067,0.047967505231474306,0.022558946502972965,0.05300742990803752,0.04655187124252658,87.82140791071991,2.3732959283857316
asymmetric_high,非対称・高RG差,2.48,0.055,0.025,10,3.5,20,2.4970874516388517,2.473157002765209,2.5087117471277454,2.5257205485549195,0.05256354578971045,0.01700880142717409,0.0552469516984967,0.05479317193630351,99.17863384631673,2.373300566964482
asymmetric_high,非対称・高RG差,2.48,0.055,0.025,10,3.5,40,2.497087894460978,2.476271465421386,2.5068571696289683,2.524510090950698,0.04823862552931191,0.017652921321729576,0.05136721351356678,0.050845638079113645,98.9846141171053,2.373300256701577
asymmetric_high,非対称・高RG差,2.48,0.055,0.025,10,3.5,70,2.4970877785321783,2.480016157217901,2.503313393364584,2.524350628391096,0.04433447117319522,0.021037235026512224,0.04907250341859065,0.04760092291373582,97.00121167183548,2.373305764896315
asymmetric_high,非対称・高RG差,2.48,0.055,0.025,10,4,20,2.5033689180041856,2.4740784603169774,2.507940748822719,2.5255837548255897,0.0515052945086123,0.01764300600287072,0.05444328262730142,0.053160702508117205,97.64419032561963,2.3732913213879696
asymmetric_high,非対称・高RG差,2.48,0.055,0.025,10,4,40,2.503369943434347,2.4774892845776573,2.5063099846409673,2.523858393082032,0.0463691085043747,0.017548408441064645,0.04957863312259529,0.0490510055753271,98.9357763333985,2.373296231996994
asymmetric_high,非対称・高RG差,2.48,0.055,0.025,10,4,70,2.5033690528453496,2.481636138714561,2.503081132888897,2.522988592111205,0.04135245339664406,0.019907459222308077,0.04589479637834204,0.0455034628492504,99.14732483860347,2.373280560577368
asymmetric_high,非対称・高RG差,2.48,0.055,0.025,10,5,20,2.5143045734867733,2.47537465437408,2.506190401969496,2.5260511821778504,0.05067652780377019,0.019860780208354356,0.05442941356225375,0.042218333563005035,77.56529199918299,2.3732946583726036
asymmetric_high,非対称・高RG差,2.48,0.055,0.025,10,5,40,2.514304346733825,2.4789710346918428,2.5048227630021964,2.5238800223350117,0.044908987643168974,0.019057259332815324,0.048785205794507826,0.037761351871830454,77.40328498538706,2.3732863069563472
asymmetric_high,非対称・高RG差,2.48,0.055,0.025,10,5,70,2.514304682662766,2.483269133461169,2.5026045968061625,2.5218543325471154,0.038585199085946265,0.0192497357409529,0.04312041180924212,0.0326853942625326,75.80028318636569,2.3732957443512044
asymmetric_high,非対称・高RG差,2.48,0.055,0.025,10,6,20,2.5212197953540985,2.4755918067375298,2.5046873571937422,2.5273288491351713,0.05173704239764154,0.02264149194142906,0.056474407596619855,0.026218132320904784,46.424802732191935,2.3732796471725104
asymmetric_high,非対称・高RG差,2.48,0.055,0.025,10,6,40,2.5212202552775294,2.478683497650358,2.5034778336080983,2.525496188054341,0.04681269040398295,0.02201835444624267,0.05173234882913719,0.021889115817538517,42.31224043167729,2.373299706419319
asymmetric_high,非対称・高RG差,2.48,0.055,0.025,10,6,70,2.5212197443456232,2.4821009279678066,2.5024406792701663,2.5231666959133126,0.04106576794550598,0.020726016643146217,0.04599962024675987,0.014553237496341404,31.637734003611712,2.373292096663926
asymmetric_high,非対称・高RG差,2.48,0.055,0.025,50,1,20,2.4700091813123435,2.4680789353432906,2.5090336373416795,2.5303638064928187,0.062284871149528076,0.021330169151139167,0.06583601818252319,0.022653786861749514,34.409412183683955,2.373297891344807
asymmetric_high,非対称・高RG差,2.48,0.055,0.025,50,1,40,2.4700096316451323,2.4687341070872417,2.510073247636655,2.528693012670312,0.059958905583070266,0.018619765033657032,0.06278348515834505,0.017948425473264265,28.58781322508121,2.373297342436665
asymmetric_high,非対称・高RG差,2.48,0.055,0.025,50,1,70,2.4700101128999767,2.4695482117984096,2.5074305023505796,2.530519375498876,0.0609711637004664,0.02308887314829633,0.06519646360230892,0.011038926608649312,16.931787398754512,2.3732871391667447
asymmetric_high,非対称・高RG差,2.48,0.055,0.025,50,2,20,2.4761175121352847,2.4698577239303225,2.5064767923135736,2.531162046982274,0.06130432305195166,0.02468525466870064,0.06608768283815569,0.038005238983844704,57.50729538652004,2.3732834173788793
asymmetric_high,非対称・高RG差,2.48,0.055,0.025,50,2,40,2.4761180488636403,2.4713691017312907,2.5074052324137206,2.528766102952706,0.057397001221415334,0.021360870538985388,0.06124297951107904,0.032755357322689575,53.484264782976524,2.3732809261907364
asymmetric_high,非対称・高RG差,2.48,0.055,0.025,50,2,70,2.47611775416657,2.473138807172948,2.505404958226427,2.5290184452753253,0.05587963810237717,0.023613487048898207,0.06066408101225243,0.02651776812069584,43.71246984742091,2.373305746415011
asymmetric_high,非対称・高RG差,2.48,0.055,0.025,50,3,20,2.484816587520959,2.4719594277460013,2.503527605397521,2.532028873594691,0.060069445848689895,0.028501268197170138,0.06648804865098472,0.0487694458700083,73.35069513923237,2.3732955847275328
asymmetric_high,非対称・高RG差,2.48,0.055,0.025,50,3,40,2.484816417082894,2.4743854001031935,2.504096429583298,2.5290951926342657,0.05470979253107222,0.02499876305096782,0.0601506405025865,0.04342591755551885,72.19527039558542,2.3732869566331063
asymmetric_high,非対称・高RG差,2.48,0.055,0.025,50,3,70,2.4848169707652645,2.4772433090221235,2.5026184336405164,2.527760044853764,0.050516735831640514,0.02514161121324765,0.05642730911076527,0.037191174835081615,65.90988551673863,2.373289472930726
asymmetric_high,非対称・高RG差,2.48,0.055,0.025,50,3.5,20,2.4895654054640746,2.473021080778571,2.502002227553711,2.53249993032931,0.05947884955073901,0.030497702775599045,0.0668419285962653,0.05150746182698488,77.0586111273019,2.373297629398664
asymmetric_high,非対称・高RG差,2.48,0.055,0.025,50,3.5,40,2.489566141910749,2.475883362152389,2.5023211616107557,2.5293861759382352,0.053502813785846204,0.027065014327479542,0.05995886993222611,0.04625979267009861,77.15254260526908,2.37329623895087
asymmetric_high,非対称・高RG差,2.48,0.055,0.025,50,3.5,70,2.4895658056213787,2.4792863452980813,2.501037593419436,2.5273215773236353,0.04803523202555393,0.026283983904199282,0.05475610765590456,0.03987342195626626,72.8200444904461,2.373293547201281
asymmetric_high,非対称・高RG差,2.48,0.055,0.025,50,4,20,2.4942419200609898,2.474009770704749,2.5005163623089093,2.5330016304509737,0.05899185974622467,0.03248526814206443,0.06734487480558612,0.05236886393004928,77.76221142474436,2.373305502645754
asymmetric_high,非対称・高RG差,2.48,0.055,0.025,50,4,40,2.4942411584874553,2.477259190493431,2.500572674034618,2.529768232498352,0.052509042004921014,0.029195558463734006,0.06007978134350915,0.04730011480813001,78.7288398033429,2.3733003102038994
asymmetric_high,非対称・高RG差,2.48,0.055,0.025,50,4,70,2.4942407814892946,2.4811386253171173,2.4994758486069597,2.527048854063981,0.04591022874686379,0.02757300545702135,0.053553895596140225,0.040695803386373734,75.99036995042951,2.373295420278742
asymmetric_high,非対称・高RG差,2.48,0.055,0.025,50,5,20,2.502388333784433,2.4754854022525605,2.497966668495892,2.534075513269073,0.05859011101651257,0.036108844773181215,0.06882332293475057,0.049333915643278874,71.6819728248968,2.3733030468568823
asymmetric_high,非対称・高RG差,2.48,0.055,0.025,50,5,40,2.5023881861837785,2.4791302267703332,2.4976712405929553,2.5308014382927175,0.0516712115223843,0.03313019769976222,0.061380160474018876,0.044785263027125016,72.963743791582,2.373292409258999
asymmetric_high,非対称・高RG差,2.48,0.055,0.025,50,5,70,2.5023879731614573,2.4832806457360825,2.497371921283231,2.5270250031928976,0.04374435745681504,0.029653081909666756,0.05284764967385981,0.037347214610279095,70.66958481741574,2.3732901734747416
asymmetric_high,非対称・高RG差,2.48,0.055,0.025,50,6,20,2.5075446720894963,2.475774849955673,2.496509329389761,2.5352287108889704,0.05945386093329752,0.038719381499209504,0.07095034942519457,0.0444283049705932,62.61886703945766,2.373288105039055
asymmetric_high,非対称・高RG差,2.48,0.055,0.025,50,6,40,2.5075453364692115,2.4789193159539016,2.496510266252023,2.532153173094312,0.05323385714041029,0.03564290684228899,0.06406450151381578,0.04079926420547471,63.68466661162762,2.373295619230062
asymmetric_high,非対称・高RG差,2.48,0.055,0.025,50,6,70,2.507545215363437,2.481856706576252,2.498102581410545,2.527701522211174,0.04584481563492204,0.02959894080062897,0.05456962907258149,0.032914334222481204,60.316213948793376,2.373283127297807
asymmetric_high,非対称・高RG差,2.48,0.055,0.025,90,1,20,2.4694431295671038,2.468422890844731,2.50429314620672,2.534720634467664,0.06629774362293261,0.030427488260943658,0.07294671240955254,0.015380486639551305,21.084550806346133,2.373286941557971
asymmetric_high,非対称・高RG差,2.48,0.055,0.025,90,1,40,2.469441990395437,2.468978214707418,2.5064516395227323,2.5320449378631564,0.06306672315573847,0.02559329834042412,0.06806194597236047,0.01059082097766591,15.560561524301372,2.3732923839659583
asymmetric_high,非対称・高RG差,2.48,0.055,0.025,90,1,70,2.469443589911242,2.469401964915504,2.509333877648784,2.528774687942817,0.05937272302731289,0.019440810294032662,0.062474517561695316,0.00322675035441079,5.164906397595283,2.3732943260877732
asymmetric_high,非対称・高RG差,2.48,0.055,0.025,90,2,20,2.4739762218415553,2.4702985326260487,2.5025336067448456,2.5346311283506555,0.06433259572460681,0.03209752160580992,0.07189529724468167,0.024260239860557514,33.74384805447358,2.373293548521633
asymmetric_high,非対称・高RG差,2.48,0.055,0.025,90,2,40,2.47397583500484,2.471706311396372,2.503892916308211,2.5319148847734265,0.06020857337705454,0.02802196846521543,0.06641011236826579,0.018925616901286024,28.498094983392424,2.3732925610811355
asymmetric_high,非対称・高RG差,2.48,0.055,0.025,90,2,70,2.4739760753145394,2.4728932198638707,2.5059016858271908,2.52876657750608,0.05587335764220924,0.022864891678889165,0.060370815512974116,0.012749311871221287,21.118336339984292,2.373294784212746
asymmetric_high,非対称・高RG差,2.48,0.055,0.025,90,3,20,2.4804376711839695,2.4724664878329152,2.5004053747337167,2.5346177126491782,0.06215122481626301,0.03421233791546152,0.0709454636449956,0.03025998045112634,42.65245287922062,2.3732869798126837
asymmetric_high,非対称・高RG差,2.48,0.055,0.025,90,3,40,2.4804369536915343,2.4748411887031403,2.500855467361646,2.531854619860568,0.05701343115742752,0.030999152498921934,0.06489590732853764,0.025085023340638078,38.65424550371772,2.373289163220765
asymmetric_high,非対称・高RG差,2.48,0.055,0.025,90,3,70,2.480437550921538,2.476990370335167,2.501854489965461,2.528763964263916,0.05177359392874914,0.026909474298455027,0.05834916310726506,0.01936872639136183,33.19452304012605,2.3732972850428906
asymmetric_high,非対称・高RG差,2.48,0.055,0.025,90,3.5,20,2.4839667585124925,2.473536809028344,2.4993263688217517,2.534637576487279,0.06110076745893478,0.03531120766552709,0.07057042702767782,0.031033836085721755,43.975695475882894,2.3733011392784986
asymmetric_high,非対称・高RG差,2.48,0.055,0.025,90,3.5,40,2.4839675278620503,2.4763948247800736,2.499318704484454,2.531852870215603,0.055458045435529346,0.03253416573114887,0.06429670865099626,0.025976356734855235,40.400756554826756,2.373295463016248
asymmetric_high,非対称・高RG差,2.48,0.055,0.025,90,3.5,70,2.4839668653753586,2.479092930396153,2.499768662716075,2.5287663208707105,0.04967339047455743,0.02899765815463562,0.057517909382130354,0.020358196313287294,35.39453455798269,2.3733036140631487
asymmetric_high,非対称・高RG差,2.48,0.055,0.025,90,4,20,2.4874435555831824,2.474506916148861,2.498327785542008,2.5346751794139286,0.06016826326506752,0.03634739387192054,0.0702947575969574,0.030112913957645152,42.83806500948592,2.373286785142524
asymmetric_high,非対称・高RG差,2.48,0.055,0.025,90,4,40,2.487444478923456,2.4777950904773745,2.497917191932393,2.53186597156492,0.05407088108754543,0.03394877963252707,0.06384496706962392,0.025139694268003054,39.37615668371765,2.373304309353441
asymmetric_high,非対称・高RG差,2.48,0.055,0.025,90,4,70,2.487444196105318,2.4810558591885337,2.497818967565562,2.5287677780702085,0.04771191888167481,0.030948810504646485,0.05687052026334939,0.01951959287207061,34.3228667184361,2.3732907411315667
asymmetric_high,非対称・高RG差,2.48,0.055,0.025,90,5,20,2.493506733849967,2.475807575362665,2.496920412337322,2.534791727374195,0.058984152011529734,0.03787131503687302,0.07009541134155167,0.023562396713647377,33.61474918641341,2.3733048974772046
asymmetric_high,非対称・高RG差,2.48,0.055,0.025,90,5,40,2.493507082895665,2.4794647766091265,2.496184006636866,2.531940671160236,0.05247589455110946,0.035756664523369786,0.06350006745489307,0.01846618285960107,29.080572036743774,2.373307083147463
asymmetric_high,非対称・高RG差,2.48,0.055,0.025,90,5,70,2.4935057333762667,2.483315594350484,2.495558159664789,2.5287819153653635,0.04546632101487935,0.033223755700574564,0.05631167098816657,0.011908975692689831,21.148325886462157,2.373288970511244
asymmetric_high,非対称・高RG差,2.48,0.055,0.025,90,6,20,2.4973467966483915,2.4757949639831254,2.4967890162654145,2.534933608709343,0.05913864472621766,0.03814459244392854,0.07037321388687036,0.014881100867580722,21.145973085019374,2.373292904197401
asymmetric_high,非対称・高RG差,2.48,0.055,0.025,90,6,40,2.4973467304174837,2.4787234960525972,2.4968012474902466,2.5320580401808996,0.05333454412830241,0.03525679269065307,0.06393445884814797,0.01079051057435789,16.8774566466366,2.373278911917902
asymmetric_high,非対称・高RG差,2.48,0.055,0.025,90,6,70,2.4973467210463745,2.481484204820911,2.4973690517213862,2.5287917814107588,0.047307576589847855,0.03142272968937254,0.056792558878216576,0.0046441883017266546,8.177459148627982,2.3732968711447833